Atlas ID,Country,Destination,Region,Place,Type,Latitude,Longitude,Map Enabled,Favorite,Story Potential,Short Description,Personal Memory,Private Notes,Hero Photo,Related Content IDs,Search Keywords,Slug
ATL-0001,Algeria,Algeria,,Algiers,City,36.732250,3.087460,Yes,No,Essential,"My childhood home, where snowy winters and the nearby Chréa Mountains shaped some of my earliest memories.","I lived in Algiers as a child, so I have few photographs from that period, but I remember loving it there. Every couple of winters, the city would wake beneath a light blanket of snow, something that always felt magical. Some of my strongest memories are of driving into the Chréa Mountains, where the snow transformed the landscape and made winter feel like an adventure.",Few or no childhood photographs. Look for family albums and old photographs of Chréa.,,CON-0001,algeria algeria algiers city africa,algiers
ATL-0002,Algeria,Algeria,,Blida,City,36.470040,2.827700,Yes,No,Medium,A city visited while exploring Algeria.,,,,CON-0002,algeria algeria blida city africa,blida
ATL-0003,Algeria,Algeria,,Tipasa,City,36.589720,2.448890,Yes,No,High,An extraordinary Roman archaeological site overlooking the Mediterranean Sea.,"We visited Tipasa almost every year. Walking through streets that had existed for nearly two thousand years always made me imagine the ordinary lives once lived there. Even as a child, the ruins never felt like piles of old stones. They felt alive, and they made history tangible in a way books could not.",Annual childhood visits. Search family albums for photographs.,,CON-0003,algeria algeria tipasa city africa,tipasa
ATL-0004,Algeria,Algeria,,Zéralda,City,36.711690,2.842440,Yes,No,High,The beaches where I learned to swim and began cliff diving with friends.,"I am not usually drawn to the Mediterranean Sea, but these beaches are inseparable from my childhood. This is where I learned to swim, where summer days were spent by the water, and where cliff diving with friends slowly changed from something frightening into something exciting.",Childhood beach memories. Identify the exact cliffs and beaches if possible.,,CON-0004,algeria algeria zéralda city africa,zéralda
ATL-0005,Andorra,Andorra,,Andorra,Country,42.506300,1.521800,Yes,No,Medium,Crossed the Pyrenean microstate during a vanlife journey through Europe.,"Great mountains, cheap gas.",,,CON-0005,andorra andorra andorra country europe,andorra
ATL-0006,Argentina,Argentina,,Buenos Aires,City,-34.613150,-58.377230,Yes,No,Essential,"A city I lived in, studied in, and experienced through several very different neighborhoods.",,,,CON-0006,argentina argentina buenos aires city south america,buenos-aires
ATL-0007,Argentina,Argentina,,Mar del Plata,City,-38.000420,-57.556200,Yes,No,Medium,A city visited while exploring Argentina.,"One of the most impressive glaciers itw, well, to me becuase it's the only one I've seen",,,CON-0007,argentina argentina mar del plata city south america,mar-del-plata
ATL-0008,Argentina,Argentina,,Rosario,City,-32.946820,-60.639320,Yes,No,Medium,Spent two days exploring the hometown of Lionel Messi.,,,,CON-0008,argentina argentina rosario city south america,rosario
ATL-0009,Argentina,Argentina,,Salta,City,-24.806450,-65.419990,Yes,No,Medium,A memorable stop in northern Argentina on the way to Jujuy.,,,,CON-0009,argentina argentina salta city south america,salta
ATL-0010,Argentina,Argentina,,Villa Gesell,City,-37.263940,-56.973040,Yes,No,High,A relaxed beach weekend with friends on Argentina’s Atlantic coast.,,,,CON-0010,"argentina argentina villa gesell city south america friends, beach",villa-gesell
ATL-0011,Argentina,Argentina,Jujuy,San Salvador de Jujuy,City,-24.192800,-65.293420,Yes,Yes,High,Reached the spectacular Salinas Grandes after a 27-hour bus ride through northern Argentina.,,,,CON-0011,argentina argentina jujuy san salvador de jujuy city south america,san-salvador-de-jujuy
ATL-0012,Argentina,Argentina,Río Negro,Bariloche,City,-41.145570,-71.308220,Yes,Yes,High,"One of the best solo trips I have ever taken, surrounded by lakes, forests, and mountains.",,,,CON-0012,argentina argentina río negro bariloche city south america hiking,bariloche
ATL-0013,Argentina,Argentina,Santa Cruz,El Calafate,City,,,Yes,No,Medium,A city visited while exploring Argentina.,,,,CON-0013,argentina argentina santa cruz el calafate city south america,el-calafate
ATL-0014,Argentina,Argentina,Tierra del Fuego,Ushuaia,City,-54.810840,-68.315910,Yes,No,Medium,Reached the southern edge of the continent after an eleven-hour bus ride from El Calafate.,,,,CON-0014,argentina argentina tierra del fuego ushuaia city south america,ushuaia
ATL-0015,Australia,Australia,,Sydney,City,-33.867850,151.207320,Yes,No,Essential,A planned study experience that became a difficult but important chapter of my life.,,,,CON-0015,australia australia sydney city oceania,sydney
ATL-0016,Austria,Austria,,Salzburg,City,47.799410,13.043990,Yes,No,Medium,Explored this city while traveling through Austria by van.,,,,CON-0016,austria austria salzburg city europe,salzburg
ATL-0017,Belgium,Belgium,,Antwerp,City,51.220470,4.400260,Yes,No,Medium,Explored this city while traveling through Belgium by van.,,,,CON-0017,belgium belgium antwerp city europe,antwerp
ATL-0018,Belgium,Belgium,,Bruges,City,51.208920,3.224240,Yes,No,Medium,Explored this city while traveling through Belgium by van.,,,,CON-0018,belgium belgium bruges city europe,bruges
ATL-0019,Belgium,Belgium,,Brussels,City,50.850450,4.348780,Yes,No,Medium,A visit to Brussels centered on friendship and time spent in the Belgian capital.,,Visited Justine and Annaelle.,,CON-0019,belgium belgium brussels city europe friends,brussels
ATL-0020,Belgium,Belgium,,Ghent,City,51.050000,3.716670,Yes,No,Medium,Explored this city while traveling through Belgium by van.,,,,CON-0020,belgium belgium ghent city europe,ghent
ATL-0021,Belgium,Belgium,,Mechelen,City,50.965890,5.691440,Yes,No,Medium,Explored this city while traveling through Belgium by van.,,,,CON-0021,belgium belgium mechelen city europe,mechelen
ATL-0022,Brazil,Brazil,,Curitiba,City,-25.427780,-49.273060,Yes,No,Medium,A city visited while exploring Brazil.,,,,CON-0022,brazil brazil curitiba city south america,curitiba
ATL-0023,Brazil,Brazil,,São Paulo,City,-23.547500,-46.636110,Yes,No,Medium,A city visited while exploring Brazil.,,,,CON-0023,brazil brazil são paulo city south america,são-paulo
ATL-0024,Brazil,Brazil,Paraná,Iguazú Falls,Waterfall,-25.695300,-54.436700,Yes,No,Medium,Witnessed the immense power and scale of one of the world’s great waterfall systems.,,,,CON-0024,brazil brazil paraná iguazú falls waterfall south america,iguazú-falls
ATL-0025,Chad,Chad,,Fada,City,17.191860,21.580810,Yes,No,Low,A desert stop to refuel and wait for the worst of the afternoon heat to pass.,,,,CON-0025,chad chad fada city africa,fada
ATL-0026,Chad,Chad,,Iriba,City,15.116670,22.250000,Yes,No,Low,A brief desert stop for fuel and rest before continuing across northern Chad.,,,,CON-0026,chad chad iriba city africa,iriba
ATL-0027,Chad,Chad,,Ounianga Kebir,Oasis / lakes,19.064700,20.506600,Yes,No,Medium,"A remote and welcoming Saharan oasis surrounded by heat, sand, and striking lakes.",,,,CON-0027,chad chad ounianga kebir oasis / lakes africa,ounianga-kebir
ATL-0028,China,China,,Beijing,City,39.907500,116.397230,Yes,No,Medium,A city visited while exploring China.,,,,CON-0028,china china beijing city asia,beijing
ATL-0029,China,China,,Shenzhen,City,22.545540,114.068300,Yes,No,Medium,The most technologically advanced city I have visited so far.,,,,CON-0029,china china shenzhen city asia,shenzhen
ATL-0030,China,Hong Kong,Hong Kong,Hong Kong,City / SAR,22.319300,114.169400,Yes,Yes,Essential,"A place where I spent part of my childhood and later returned to, still carrying a strong emotional connection.",,,,CON-0030,china hong kong hong kong hong kong city / sar asia childhood,hong-kong
ATL-0031,Czechia,Czechia,,Prague,City,50.088040,14.420760,Yes,Yes,High,An inexpensive student weekend that revealed one of Europe’s most beautiful cities.,,,,CON-0031,czechia czechia prague city europe,prague
ATL-0032,Denmark,Denmark,,Copenhagen,City,55.675940,12.565530,Yes,No,Medium,A city visited while exploring Denmark.,,,,CON-0032,denmark denmark copenhagen city europe,copenhagen
ATL-0033,Djibouti,Djibouti,,Djibouti,City,11.589010,43.145030,Yes,No,High,"A short stay in a hot, heavily monitored port city shaped by its many foreign military bases.",,,,CON-0033,djibouti djibouti djibouti city africa beach,djibouti
ATL-0034,Egypt,Egypt,,Alexandria,City,31.201760,29.915820,Yes,No,Medium,A city visited while exploring Egypt.,,,,CON-0034,egypt egypt alexandria city africa,alexandria
ATL-0035,Egypt,Egypt,,Cairo,City,30.062630,31.249670,Yes,No,Medium,A city visited while exploring Egypt.,,,,CON-0035,egypt egypt cairo city africa,cairo
ATL-0036,Egypt,Egypt,,Mut,City,25.493000,28.979000,Yes,No,Low,A remote refueling stop in Egypt’s Western Desert on the road toward Chad.,,,,CON-0036,egypt egypt mut city africa,mut
ATL-0037,Egypt,Egypt,,Siwa Oasis,Oasis,29.203200,25.519500,Yes,Yes,High,"An unforgettable night in a Saharan oasis, with salt lakes, clear stars, and Cleopatra’s Spring.",,,,CON-0037,egypt egypt siwa oasis oasis africa,siwa-oasis
ATL-0038,Ethiopia,Ethiopia,,Addis Ababa,City,9.024970,38.746890,Yes,No,Essential,A major African capital and a city that played an important part in my life and work.,,,,CON-0038,ethiopia ethiopia addis ababa city africa,addis-ababa
ATL-0039,Ethiopia,Ethiopia,,Awash,City,8.993640,40.166370,Yes,No,Medium,A city visited while exploring Ethiopia.,,,,CON-0039,ethiopia ethiopia awash city africa,awash
ATL-0040,Ethiopia,Ethiopia,,Bahir Dar,City,11.593640,37.390770,Yes,No,Medium,A city visited while exploring Ethiopia.,,,,CON-0040,ethiopia ethiopia bahir dar city africa,bahir-dar
ATL-0041,Ethiopia,Ethiopia,,Dire Dawa,City,9.593060,41.866110,Yes,No,Medium,A city visited while exploring Ethiopia.,,,,CON-0041,ethiopia ethiopia dire dawa city africa,dire-dawa
ATL-0042,Ethiopia,Ethiopia,,Gondar,City,12.600000,37.466670,Yes,No,Medium,A city visited while exploring Ethiopia.,,,,CON-0042,ethiopia ethiopia gondar city africa,gondar
ATL-0043,Ethiopia,Ethiopia,,Lake Langano,Lake,7.600000,38.716700,Yes,No,Medium,A quiet weekend escape beside a Rift Valley lake known for its resorts and open landscapes.,,,,CON-0043,ethiopia ethiopia lake langano lake africa,lake-langano
ATL-0044,Ethiopia,Ethiopia,,Lalibela,City,12.032190,39.047560,Yes,Yes,High,A humbling visit to the ancient rock-hewn churches and a market unlike anywhere else I had seen.,,,,CON-0044,ethiopia ethiopia lalibela city africa,lalibela
ATL-0045,Ethiopia,Ethiopia,,Shashemane,City,7.200000,38.600000,Yes,No,Medium,A town closely associated with Rastafarian history and identity.,,,,CON-0045,ethiopia ethiopia shashemane city africa,shashemane
ATL-0046,France,France,,Albi,City,43.929800,2.148000,Yes,No,Medium,A city visited while exploring France.,,,,CON-0046,france france albi city europe,albi
ATL-0047,France,France,,Angers,City,47.471560,-0.552020,Yes,No,High,A city tied to my wife’s family and many personal visits.,,,,CON-0047,france france angers city europe family,angers
ATL-0048,France,France,,Angoulême,City,45.649970,0.153450,Yes,No,Medium,A city visited while exploring France.,,,,CON-0048,france france angoulême city europe,angoulême
ATL-0049,France,France,,Besançon,City,47.248780,6.018150,Yes,No,Medium,A city visited while exploring France.,,,,CON-0049,france france besançon city europe,besançon
ATL-0050,France,France,,Biarritz,City,43.480550,-1.556840,Yes,No,Medium,A city visited while exploring France.,,,,CON-0050,france france biarritz city europe,biarritz
ATL-0051,France,France,,Bordeaux,City,44.840440,-0.580500,Yes,No,Essential,A place connected to my studies and a formative period of my life in France.,,,,CON-0051,france france bordeaux city europe family,bordeaux
ATL-0052,France,France,,Caen,City,49.185850,-0.359120,Yes,No,Medium,A city visited while exploring France.,,,,CON-0052,france france caen city europe,caen
ATL-0053,France,France,,Hendaye,City,,,Yes,No,High,A city visited on a scuba diving trip with my diving club,,,,CON-0053,france france hendaye city europe scuba diving exams,hendaye
ATL-0054,France,France,,La Rochelle,City,46.163080,-1.152220,Yes,No,High,A family visit to one of France’s best-known Atlantic port cities.,,,,CON-0054,france france la rochelle city europe family,la-rochelle
ATL-0055,France,France,,Lacanau + Lacanau ocean,City,,,Yes,No,Essential,"Our home on the Atlantic coast, shaped by surf culture, pine forests, and the ocean.",,,,CON-0055,france france lacanau + lacanau ocean city europe beach,lacanau-+-lacanau-ocean
ATL-0056,France,France,,Laval,City,48.072470,-0.770190,Yes,No,High,A family visit that also became part of the process of building our van.,,Visited Ronan and Laureenne. Built part of the van here.,,CON-0056,france france laval city europe family,laval
ATL-0057,France,France,,Le Mans,City,48.002100,0.202510,Yes,No,Medium,A city visited while exploring France.,,,,CON-0057,france france le mans city europe,le-mans
ATL-0058,France,France,,Lille,City,50.632970,3.058580,Yes,Yes,High,"One of my favorite cities in France, with a character unlike anywhere else in the country.",,,,CON-0058,france france lille city europe,lille
ATL-0059,France,France,,Limoges,City,45.833620,1.247590,Yes,No,Medium,A visit centered on friendship and time spent exploring the city.,,Visited Fred.,,CON-0059,france france limoges city europe friends,limoges
ATL-0060,France,France,,Lourdes,City,43.094610,-0.046110,Yes,No,Medium,Visited one of the world’s best-known Catholic pilgrimage destinations.,,,,CON-0060,france france lourdes city europe pilgrimage,lourdes
ATL-0061,France,France,,Lyon,City,45.748460,4.846710,Yes,No,Essential,A place connected to my studies and a formative period of my life in France.,,,,CON-0061,france france lyon city europe,lyon
ATL-0062,France,France,,Marseille,City,43.296950,5.381070,Yes,No,Medium,A city visited while exploring France.,,,,CON-0062,france france marseille city europe,marseille
ATL-0063,France,France,,Montpellier,City,43.610930,3.876350,Yes,No,Medium,A city visited while exploring France.,,,,CON-0063,france france montpellier city europe,montpellier
ATL-0064,France,France,,Mulhouse,City,47.752050,7.328660,Yes,No,Medium,A visit to eastern France centered on reconnecting with friends.,,Visited Jonathan R.,,CON-0064,france france mulhouse city europe friends,mulhouse
ATL-0065,France,France,,Nantes,City,47.217250,-1.553360,Yes,No,Medium,A city visited while exploring France.,,,,CON-0065,france france nantes city europe,nantes
ATL-0066,France,France,,Nice,City,43.703130,7.266080,Yes,No,Medium,A city visited while exploring France.,,,,CON-0066,france france nice city europe,nice
ATL-0067,France,France,,Paris,City,48.853410,2.348800,Yes,No,Medium,The first city I ever visited in France and a place I have returned to dozens of times.,,,,CON-0067,france france paris city europe,paris
ATL-0068,France,France,,Pau,City,43.311170,-0.355830,Yes,No,Medium,A city visited while exploring France.,,,,CON-0068,france france pau city europe,pau
ATL-0069,France,France,,Poitiers,City,46.582610,0.343480,Yes,No,Medium,A city linked to several New Year celebrations with close friends.,,New Year visits with Justine.,,CON-0069,"france france poitiers city europe friends, new year",poitiers
ATL-0070,France,France,,Rennes,City,48.111980,-1.674290,Yes,No,Medium,A city visited while exploring France.,,,,CON-0070,france france rennes city europe,rennes
ATL-0071,France,France,,Rochefort,City,45.943040,-0.967740,Yes,No,Medium,A city visited while exploring France.,,,,CON-0071,france france rochefort city europe,rochefort
ATL-0072,France,France,,Romans,City,45.049600,5.066020,Yes,No,Medium,A visit shaped by friendship and time spent with people who lived there.,,Visited Raf S.,,CON-0072,france france romans city europe friends,romans
ATL-0073,France,France,,Rouen,City,49.443130,1.099320,Yes,No,Medium,A city visited while exploring France.,,,,CON-0073,france france rouen city europe,rouen
ATL-0074,France,France,,Royan,City,45.628110,-1.031530,Yes,No,Medium,A city visited while exploring France.,,,,CON-0074,france france royan city europe,royan
ATL-0075,France,France,,Saint-Malo,City,48.647380,-2.008770,Yes,No,Medium,Experienced the walled coastal city after the summer crowds had largely disappeared.,,,,CON-0075,france france saint-malo city europe,saint-malo
ATL-0076,France,France,,Saintes,City,45.747420,-0.634890,Yes,No,Medium,A city visited while exploring France.,,,,CON-0076,france france saintes city europe,saintes
ATL-0077,France,France,,Strasbourg,City,48.583920,7.745530,Yes,No,Medium,Visited the European Parliament and spent time with friends in the city.,,Visited Fabien M.,,CON-0077,france france strasbourg city europe friends,strasbourg
ATL-0078,France,France,,Toulouse,City,43.604260,1.443670,Yes,No,Medium,"First explored with friends, then returned during a vanlife journey.",,,,CON-0078,france france toulouse city europe friends,toulouse
ATL-0079,France,France,,Valence,City,44.925600,4.909560,Yes,No,Medium,A city visited while exploring France.,,,,CON-0079,france france valence city europe,valence
ATL-0080,France,France,,Vannes,City,47.656880,-2.762050,Yes,No,High,A family weekend in Brittany built around a birthday celebration.,,Mandy’s grandmother’s birthday.,,CON-0080,france france vannes city europe family,vannes
ATL-0081,France,France,Nouvelle-Aquitaine,Arcachon,City,44.652300,-1.178500,Yes,Yes,High,"Spent time around the Bassin d’Arcachon, visiting friends and exploring the coast.",,Visited Christine L.,,CON-0081,"france france nouvelle-aquitaine arcachon city europe friends, coast",arcachon
ATL-0082,France,France,Nouvelle-Aquitaine,Bayonne,City,43.492900,-1.474800,Yes,No,Medium,Explored the Basque city while spending time with friends.,,,,CON-0082,france france nouvelle-aquitaine bayonne city europe friends,bayonne
ATL-0083,France,France,Nouvelle-Aquitaine,Langon,Town,44.553700,-0.249000,Yes,No,Low,A small stop in southern Gironde while exploring the region.,,,,CON-0083,france france nouvelle-aquitaine langon town europe,langon
ATL-0084,France,France,Nouvelle-Aquitaine,Laruns,Village,42.987300,-0.426600,Yes,Yes,Essential,One of my favorite bases for beginning hikes in the Pyrenees.,,,,CON-0084,"france france nouvelle-aquitaine laruns village europe hiking, pyrenees",laruns
ATL-0085,France,France,Nouvelle-Aquitaine,Le Porge,Beach / Town,44.873600,-1.092900,Yes,Yes,Essential,Home to some of my favorite beaches on the French Atlantic coast.,,,,CON-0085,france france nouvelle-aquitaine le porge beach / town europe beach,le-porge
ATL-0086,France,France,Nouvelle-Aquitaine,Montignac-Lascaux,Village,45.065600,1.166900,Yes,Yes,High,"Visited the Lascaux caves, one of Europe’s most remarkable prehistoric sites.",,,,CON-0086,"france france nouvelle-aquitaine montignac-lascaux village europe history, prehistory",montignac-lascaux
ATL-0087,France,France,Nouvelle-Aquitaine,Oloron-Sainte-Marie,Town,43.194400,-0.610700,Yes,No,Medium,A historic town that serves as a gateway to the western Pyrenees.,,,,CON-0087,france france nouvelle-aquitaine oloron-sainte-marie town europe pyrenees,oloron-sainte-marie
ATL-0088,France,France,Occitanie,Arreau,Village,42.905800,0.360300,Yes,No,Medium,A picturesque Pyrenean village encountered while exploring the mountain valleys.,,,,CON-0088,france france occitanie arreau village europe pyrenees,arreau
ATL-0089,Germany,Germany,,Berlin,City,52.524370,13.410530,Yes,No,Medium,A city visited while exploring Germany.,,,,CON-0089,germany germany berlin city europe,berlin
ATL-0090,Germany,Germany,,Bonn,City,50.734380,7.095490,Yes,No,Medium,A city visited while exploring Germany.,,,,CON-0090,germany germany bonn city europe,bonn
ATL-0091,Germany,Germany,,Cologne,City,50.933330,6.950000,Yes,No,Medium,A city visited while exploring Germany.,,,,CON-0091,germany germany cologne city europe,cologne
ATL-0092,Germany,Germany,,Düsseldorf,City,51.221720,6.776160,Yes,No,Medium,Welcomed the new year here in 2017.,,,,CON-0092,germany germany düsseldorf city europe new year,düsseldorf
ATL-0093,Germany,Germany,,Frankfurt,City,50.115520,8.684170,Yes,No,Medium,A city visited while exploring Germany.,,,,CON-0093,germany germany frankfurt city europe,frankfurt
ATL-0094,Germany,Germany,,Freiburg,City,47.995900,7.852220,Yes,No,Medium,Explored this city while traveling through Germany by van.,,,,CON-0094,germany germany freiburg city europe,freiburg
ATL-0095,Germany,Germany,,Koblenz,City,50.353570,7.578830,Yes,No,Medium,A city visited while exploring Germany.,,,,CON-0095,germany germany koblenz city europe,koblenz
ATL-0096,Germany,Germany,,Konstanz,City,47.660330,9.175820,Yes,No,Medium,Explored this city while traveling through Germany by van.,,,,CON-0096,germany germany konstanz city europe,konstanz
ATL-0097,Germany,Germany,,Leipzig,City,51.339620,12.371290,Yes,No,Medium,Explored this city while traveling through Germany by van.,,,,CON-0097,germany germany leipzig city europe,leipzig
ATL-0098,Germany,Germany,,Munich,City,48.137430,11.575490,Yes,No,Medium,Explored this city while traveling through Germany by van.,,,,CON-0098,germany germany munich city europe,munich
ATL-0099,Germany,Germany,,Stuttgart,City,48.782320,9.177020,Yes,No,Medium,Explored this city while traveling through Germany by van.,,,,CON-0099,germany germany stuttgart city europe,stuttgart
ATL-0100,Germany,Germany,,Trier,City,49.755650,6.639350,Yes,No,Medium,Explored this city while traveling through Germany by van.,,,,CON-0100,germany germany trier city europe,trier
ATL-0101,Hungary,Hungary,,Budapest,City,47.498350,19.040450,Yes,No,Essential,A student weekend away in search of a city that felt different from western Europe.,,,,CON-0101,hungary hungary budapest city europe,budapest
ATL-0102,Indonesia,Indonesia,,Jakarta,City,-6.214620,106.845130,Yes,No,Medium,A city visited while exploring Indonesia.,,,,CON-0102,indonesia indonesia jakarta city asia,jakarta
ATL-0103,Indonesia,Indonesia,Bali,Bali,Island,-8.340500,115.092000,Yes,No,High,"A visit that challenged the island’s idealized image, with crowded beaches, pollution, and heavy tourism.",,,,CON-0103,indonesia indonesia bali bali island asia beach,bali
ATL-0104,Ireland,Ireland,,Dublin,City,53.333060,-6.248890,Yes,Yes,High,"A city I did not explore as deeply as I wanted, but which still became one of my European favorites.",,,,CON-0104,ireland ireland dublin city europe,dublin
ATL-0105,Italy,Italy,,Bologna,City,44.493810,11.338750,Yes,No,Medium,Explored this city while traveling through Italy by van.,,,,CON-0105,italy italy bologna city europe,bologna
ATL-0106,Italy,Italy,,Ferrara,City,44.838040,11.620570,Yes,No,Medium,Explored this city while traveling through Italy by van.,,,,CON-0106,italy italy ferrara city europe,ferrara
ATL-0107,Italy,Italy,,Florence,City,43.779250,11.246260,Yes,No,Medium,Explored this city while traveling through Italy by van.,,,,CON-0107,italy italy florence city europe,florence
ATL-0108,Italy,Italy,,Genoa,City,44.404780,8.944390,Yes,No,Medium,Explored this city while traveling through Italy by van.,,,,CON-0108,italy italy genoa city europe,genoa
ATL-0109,Italy,Italy,,Milan,City,45.464270,9.189510,Yes,No,Medium,A city visited while exploring Italy.,,,,CON-0109,italy italy milan city europe,milan
ATL-0110,Italy,Italy,,Montespertoli,City,,,Yes,No,Medium,Explored this city while traveling through Italy by van.,"Spent 10 days there at Akhi's mom's place. Tuscany heaven, awesome vegan food in an old rural italian home. Perfect weather and my wife saw fireflies for the first time ever. One of my favorite memories from our trip around Europe in a van",,,CON-0110,italy italy montespertoli city europe,montespertoli
ATL-0111,Italy,Italy,,Pisa,City,43.708530,10.403600,Yes,No,Medium,Explored this city while traveling through Italy by van.,,,,CON-0111,italy italy pisa city europe,pisa
ATL-0112,Italy,Italy,,Rome,City,41.891930,12.511330,Yes,No,Medium,A city visited while exploring Italy.,,,,CON-0112,italy italy rome city europe,rome
ATL-0113,Italy,Italy,,Tarvisio,City,,,Yes,No,Medium,Explored this city while traveling through Italy by van.,"Awesome little town lost in the mountains near Austria, sky heaven for enthousiats",,,CON-0113,italy italy tarvisio city europe,tarvisio
ATL-0114,Italy,Italy,,Turin,City,45.070490,7.686820,Yes,No,Medium,Explored this city while traveling through Italy by van.,,,,CON-0114,italy italy turin city europe,turin
ATL-0115,Italy,Italy,,Udine,City,46.069300,13.237150,Yes,No,Medium,Explored this city while traveling through Italy by van.,,,,CON-0115,italy italy udine city europe,udine
ATL-0116,Italy,Italy,,Venice,City,45.437130,12.332650,Yes,No,Medium,Explored this city while traveling through Italy by van.,,,,CON-0116,italy italy venice city europe,venice
ATL-0117,Kenya,Kenya,,Nairobi,City,-1.283330,36.816670,Yes,No,Medium,A city visited while exploring Kenya.,,,,CON-0117,kenya kenya nairobi city africa,nairobi
ATL-0118,Libya,Libya,,Al Jawf,City,24.200000,23.300000,Yes,No,Low,A remote refueling stop while crossing the Sahara toward Chad.,,,,CON-0118,libya libya al jawf city africa,al-jawf
ATL-0119,Liechtenstein,Liechtenstein,,Vaduz,Country,47.141000,9.520900,Yes,No,Medium,Explored this country while traveling through Liechtenstein by van.,,,,CON-0119,liechtenstein liechtenstein vaduz country europe,vaduz
ATL-0120,Luxembourg,Luxembourg,,Luxembourg,Country,49.611600,6.131900,Yes,No,Medium,Explored this country while traveling through Luxembourg by van.,"Awesome photo of M and I in a park there, spent a wonderful time.",,,CON-0120,luxembourg luxembourg luxembourg country europe,luxembourg
ATL-0121,Madagascar,Madagascar,,Nungwi,City,-18.766900,46.869100,Yes,Yes,Essential,"An extraordinary island whose generosity, ingenuity, landscapes, and culture deserve far more attention than its poverty.",,,,CON-0121,madagascar madagascar nungwi city africa hiking,nungwi
ATL-0122,Malawi,Malawi,,Mzuzu,City,-11.465560,34.020710,Yes,No,Medium,A northern Malawi stop remembered for slow travel and wide landscapes.,,,,CON-0122,malawi malawi mzuzu city africa,mzuzu
ATL-0123,Malaysia,Malaysia,,Kuala Lumpur,City,3.141200,101.686530,Yes,No,Essential,A city I lived in for two months and came to know as more than a short-term visitor.,,,,CON-0123,malaysia malaysia kuala lumpur city asia,kuala-lumpur
ATL-0124,Malaysia,Malaysia,,Langkawi,Island,6.350000,99.800000,Yes,No,Medium,A island visited while exploring Malaysia.,,,,CON-0124,malaysia malaysia langkawi island asia,langkawi
ATL-0125,Malaysia,Malaysia,,Perhentian Islands,Islands,5.903800,102.742000,Yes,No,Medium,A islands visited while exploring Malaysia.,,,,CON-0125,malaysia malaysia perhentian islands islands asia,perhentian-islands
ATL-0126,Malaysia,Malaysia,,Pulau Lang Tengah,Island,5.797800,102.895600,Yes,Yes,High,A small island with some of the clearest water and best beaches I have experienced.,,,,CON-0126,malaysia malaysia pulau lang tengah island asia beach,pulau-lang-tengah
ATL-0127,Malaysia,Malaysia,,Putrajaya,City,2.935270,101.691120,Yes,No,Medium,A city visited while exploring Malaysia.,,,,CON-0127,malaysia malaysia putrajaya city asia,putrajaya
ATL-0128,Malaysia,Malaysia,Penang,George Town,City,5.411230,100.335430,Yes,No,Essential,"A city where I lived and worked, surrounded by food, history, and layered cultural influences.",,,,CON-0128,malaysia malaysia penang george town city asia,george-town
ATL-0129,Maldives,Maldives,Malé,Hulhumalé,City,4.175210,73.509160,Yes,No,High,A week in a beautiful but highly contained island environment that eventually felt repetitive.,,,,CON-0129,maldives maldives malé city asia beach,malé
ATL-0130,Mauritius,Mauritius,,Port Louis,City,-20.161940,57.498890,Yes,No,Medium,A city visited while exploring Mauritius.,,,,CON-0130,mauritius mauritius port louis city africa,port-louis
ATL-0131,Monaco,Monaco,,Monaco,Country,43.738400,7.424600,Yes,No,Medium,Passed through the microstate and found its luxury-focused atmosphere was not for me.,,,,CON-0131,monaco monaco monaco country europe,monaco
ATL-0132,Mozambique,Mozambique,,Maputo,City,-25.965530,32.583220,Yes,No,Essential,"My earliest memories of Mozambique are shaped by quiet weekends, remote beaches, and the Portuguese language that stayed with me.","We often escaped the city on weekends to reach beaches that felt remote and almost empty. There was not always much else to do, but those trips gave my childhood a sense of open space and discovery. Mozambique also left another trace: the Portuguese words and sounds I still remember today began there.",Spent about three years here as a toddler. Ask family for beach names and photographs.,,CON-0132,mozambique mozambique maputo city africa childhood,maputo
ATL-0133,Netherlands,Netherlands,,Amsterdam,City,52.374030,4.889690,Yes,No,Medium,A city visited while exploring Netherlands.,,,,CON-0133,netherlands netherlands amsterdam city europe,amsterdam
ATL-0134,Netherlands,Netherlands,,Eindhoven,City,51.440830,5.477780,Yes,No,Medium,Explored this city while traveling through Netherlands by van.,,,,CON-0134,netherlands netherlands eindhoven city europe,eindhoven
ATL-0135,Netherlands,Netherlands,,Maastricht,City,50.848330,5.688890,Yes,No,Medium,A city visited while exploring Netherlands.,,,,CON-0135,netherlands netherlands maastricht city europe,maastricht
ATL-0136,Netherlands,Netherlands,,Nijmegen,City,51.842500,5.852780,Yes,No,Medium,Explored this city while traveling through Netherlands by van.,,,,CON-0136,netherlands netherlands nijmegen city europe,nijmegen
ATL-0137,Nigeria,Nigeria,,Abuja,City,9.180590,7.179390,Yes,No,Essential,A short and highly restricted stay that left me wanting to experience a more dynamic side of Nigeria.,,Joined my father’s work trip. Mostly stayed in the hotel and malls.,,CON-0137,nigeria nigeria abuja city africa family,abuja
ATL-0138,Norway,Norway,,Oslo,City,59.912730,10.746090,Yes,No,Medium,A city visited while exploring Norway.,,,,CON-0138,norway norway oslo city europe,oslo
ATL-0139,Poland,Poland,,Kraków,City,50.061430,19.936580,Yes,No,Medium,A city visited while exploring Poland.,,,,CON-0139,poland poland kraków city europe,kraków
ATL-0140,Portugal,Portugal,,Braga,City,41.550320,-8.420050,Yes,No,Medium,A city visited while exploring Portugal.,,,,CON-0140,portugal portugal braga city europe,braga
ATL-0141,Portugal,Portugal,,Coimbra,City,40.205640,-8.419550,Yes,No,Medium,A city visited while exploring Portugal.,,,,CON-0141,portugal portugal coimbra city europe,coimbra
ATL-0142,Portugal,Portugal,,Faro,City,37.018690,-7.927160,Yes,No,Medium,A city visited while exploring Portugal.,,,,CON-0142,portugal portugal faro city europe,faro
ATL-0143,Portugal,Portugal,,Lisbon,City,38.725090,-9.149800,Yes,No,Medium,A city visited while exploring Portugal.,,,,CON-0143,portugal portugal lisbon city europe,lisbon
ATL-0144,Portugal,Portugal,,Porto,City,41.149610,-8.610990,Yes,No,Medium,A city visited while exploring Portugal.,,,,CON-0144,portugal portugal porto city europe,porto
ATL-0145,Portugal,Portugal,,Sagres,City,,,Yes,No,Medium,A city visited while exploring Portugal.,,,,CON-0145,portugal portugal sagres city europe,sagres
ATL-0146,Qatar,Qatar,,Doha,City,25.285450,51.530960,Yes,No,Low,Explored the city during two long transit stops.,,,,CON-0146,qatar qatar doha city asia,doha
ATL-0147,Romania,Romania,,Bucharest,City,44.432250,26.106260,Yes,No,Essential,A student weekend spent looking for a city with a different rhythm and atmosphere.,,,,CON-0147,romania romania bucharest city europe,bucharest
ATL-0148,Seychelles,Seychelles,,Mahé,Island,,,Yes,No,Medium,"An island I visited four times, each during a different chapter of my life, with beaches and landscapes that became deeply familiar.",,"The island helped during a period of severe anxiety. Personal detail, do not publish. I may not return because I feel I have already explored most of it.",,CON-0148,seychelles seychelles mahé island africa,mahé
ATL-0149,Seychelles,Seychelles,La Digue,La Digue,Island,-4.359100,55.841200,Yes,Yes,High,"A car-free island of granite boulders, beaches, and a slower pace of life.",,,,CON-0149,seychelles seychelles la digue la digue island africa,la-digue
ATL-0150,Seychelles,Seychelles,Praslin,Praslin,Island,-4.321700,55.747700,Yes,Yes,High,A more local-feeling island with exceptional beaches and the deep blue Indian Ocean.,,,,CON-0150,seychelles seychelles praslin praslin island africa beach,praslin
ATL-0151,Slovenia,Slovenia,,Bovec,City,,,Yes,No,Medium,Explored this city while traveling through Slovenia by van.,"Stayed with our friend David there, recorded a podcast episode on his land and shared stories around a fire. Also one of our favorite vanlife memories ever!",,,CON-0151,slovenia slovenia bovec city europe,bovec
ATL-0152,Slovenia,Slovenia,,Ljubljana,City,46.051080,14.505130,Yes,No,Medium,A city visited while exploring Slovenia.,,,,CON-0152,slovenia slovenia ljubljana city europe,ljubljana
ATL-0153,Slovenia,Slovenia,,Tolmin,City,,,Yes,No,Medium,Explored this city while traveling through Slovenia by van.,"Great hiking experience, absolutely empty, incredible scenery and waterfalls midsummer.",,,CON-0153,slovenia slovenia tolmin city europe,tolmin
ATL-0154,South Africa,South Africa,,Cape Town,City,-33.925840,18.423220,Yes,No,Medium,A beautiful and expansive city whose gated neighborhoods gave it a complicated atmosphere.,,,,CON-0154,south africa south africa cape town city africa,cape-town
ATL-0155,South Africa,South Africa,,Durban,City,-29.857900,31.029200,Yes,No,Medium,"A vibrant, multicultural city with strong energy, food, and nightlife.",,,,CON-0155,south africa south africa durban city africa,durban
ATL-0156,Spain,Spain,,Burgos,City,42.341060,-3.701840,Yes,No,Medium,Explored this city while traveling through Spain by van.,,,,CON-0156,spain spain burgos city europe,burgos
ATL-0157,Spain,Spain,,Gijon,City,43.535730,-5.661520,Yes,No,Medium,Explored this city while traveling through Spain by van.,,,,CON-0157,spain spain gijon city europe,gijon
ATL-0158,Spain,Spain,,Huesca,City,42.136150,-0.408700,Yes,No,Medium,Explored this city while traveling through Spain by van.,,,,CON-0158,spain spain huesca city europe,huesca
ATL-0159,Spain,Spain,,Santander,City,43.464720,-3.804440,Yes,No,Medium,Explored this city while traveling through Spain by van.,,,,CON-0159,spain spain santander city europe,santander
ATL-0160,Spain,Spain,,Sevilla,City,37.382830,-5.973170,Yes,No,Medium,A city visited while exploring Spain.,,,,CON-0160,spain spain sevilla city europe,sevilla
ATL-0161,Spain,Spain,,Valencia,City,39.473910,-0.379660,Yes,Yes,Medium,A city I especially remember for its food.,,,,CON-0161,spain spain valencia city europe,valencia
ATL-0162,Spain,Spain,,Zaragoza,City,41.656060,-0.877340,Yes,No,High,A city visited while exploring Spain.,,,,CON-0162,spain spain zaragoza city europe family,zaragoza
ATL-0163,Spain,Spain,Basque Country,Bilbao,City,43.262710,-2.925280,Yes,No,Essential,A weekend escape from Bordeaux to explore the largest city in the Basque Country.,,,,CON-0163,spain spain basque country bilbao city europe,bilbao
ATL-0164,Spain,Spain,Basque Country,San Sebastián,City,43.312830,-1.974990,Yes,No,Medium,Explored this city while traveling through Spain by van.,,,,CON-0164,spain spain basque country san sebastián city europe,san-sebastián
ATL-0165,Spain,Spain,Basque Country,Vitoria-Gasteiz,City,42.849980,-2.672680,Yes,No,Medium,Explored this city while traveling through Spain by van.,,,,CON-0165,spain spain basque country vitoria-gasteiz city europe,vitoria-gasteiz
ATL-0166,Spain,Spain,Catalonia,Barcelona,City,41.388790,2.158990,Yes,No,Essential,"A city where I lived and worked, and one of the places that shaped my life abroad.",,,,CON-0166,spain spain catalonia barcelona city europe,barcelona
ATL-0167,Spain,Spain,Catalonia,Lleida,City,41.616740,0.622180,Yes,No,Medium,Explored this city while traveling through Spain by van.,,,,CON-0167,spain spain catalonia lleida city europe,lleida
ATL-0168,Spain,Spain,Catalonia,Tarragona,City,41.119050,1.245440,Yes,No,Medium,A city visited while exploring Spain.,,,,CON-0168,spain spain catalonia tarragona city europe,tarragona
ATL-0169,Spain,Spain,Community of Madrid,Madrid,City,40.416800,-3.703800,Yes,No,Medium,A weekend getaway in the Spanish capital.,,,,CON-0169,spain spain community of madrid madrid city europe weekend getaway,madrid
ATL-0170,Spain,Spain,La Rioja,Logroño,City,42.466670,-2.450000,Yes,No,Medium,Explored this city while traveling through Spain by van.,,,,CON-0170,spain spain la rioja logroño city europe,logroño
ATL-0171,Spain,Spain,Navarre,Bardenas Reales,Desert / Natural Park,42.199200,-1.469700,Yes,No,High,Explored the striking semi-desert landscape of Bardenas Reales during vanlife.,,,,CON-0171,spain spain navarre bardenas reales desert / natural park europe vanlife,bardenas-reales
ATL-0172,Spain,Spain,Navarre,Pamplona,City,42.816870,-1.643230,Yes,No,Medium,Explored this city while traveling through Spain by van.,,,,CON-0172,spain spain navarre pamplona city europe,pamplona
ATL-0173,Sri Lanka,Sri Lanka,,Colombo,City,6.935480,79.848680,Yes,No,Low,A brief 24-hour transit visit that offered a first glimpse of Sri Lanka’s capital.,,,,CON-0173,sri lanka sri lanka colombo city asia,colombo
ATL-0174,Sudan,Sudan,,Khartoum,City,15.551770,32.532410,Yes,No,Low,A twelve-hour transit stop that allowed just enough time to eat and walk through part of the city.,,,,CON-0174,sudan sudan khartoum city africa,khartoum
ATL-0175,Sweden,Sweden,,Malmo,City,55.605870,13.000730,Yes,No,Medium,A city visited while exploring Sweden.,,,,CON-0175,sweden sweden malmo city europe,malmo
ATL-0176,Sweden,Sweden,,Stockholm,City,59.329380,18.068710,Yes,No,Medium,A city visited while exploring Sweden.,,,,CON-0176,sweden sweden stockholm city europe,stockholm
ATL-0177,Switzerland,Switzerland,,Geneva,City,46.202220,6.145690,Yes,No,Essential,Spent several weekends here while visiting my father during the period he worked in the city.,,,,CON-0177,switzerland switzerland geneva city europe family,geneva
ATL-0178,Tanzania,Tanzania,,Arusha,City,-3.366670,36.683330,Yes,No,Medium,A city visited while exploring Tanzania.,,,,CON-0178,tanzania tanzania arusha city africa,arusha
ATL-0179,Tanzania,Tanzania,,Mbeya,City,-8.900000,33.450000,Yes,No,Medium,A city visited while exploring Tanzania.,,,,CON-0179,tanzania tanzania mbeya city africa,mbeya
ATL-0180,Tanzania,Tanzania,,Morogoro,City,-6.821020,37.661220,Yes,No,Medium,A city visited while exploring Tanzania.,,,,CON-0180,tanzania tanzania morogoro city africa,morogoro
ATL-0181,Tanzania,Tanzania,,Serengeti,National park,-2.333300,34.833300,Yes,No,Medium,A wild safari experience surrounded by animals and vast open landscapes.,,,,CON-0181,tanzania tanzania serengeti national park africa safari,serengeti
ATL-0182,Tanzania,Zanzibar,Zanzibar,Nungwi,Beach / town,-5.726500,39.298700,Yes,Yes,High,One of the most beautiful beaches I have ever visited.,,,,CON-0182,tanzania zanzibar zanzibar nungwi beach / town africa beach,nungwi
ATL-0183,Tanzania,Zanzibar,Zanzibar,Stone Town,City,-6.162200,39.192100,Yes,No,Medium,Explored the narrow streets and layered history of Zanzibar’s old town.,,,,CON-0183,tanzania zanzibar zanzibar stone town city africa,stone-town
ATL-0184,Thailand,Thailand,Narathiwat,Tak Bai,Region,6.259200,102.053100,Yes,No,Low,Crossed the border to visit a lively local fruit market.,,,,CON-0184,thailand thailand narathiwat tak bai region asia,tak-bai
ATL-0185,Turkey,Turkey,,Istanbul,City,41.013840,28.949660,Yes,No,Medium,A vast city I have returned to around half a dozen times.,,,,CON-0185,turkey turkey istanbul city asia,istanbul
ATL-0186,Tuvalu,Tuvalu,,Funafuti,Country,-8.521100,179.196200,Yes,Yes,Essential,"A once-in-a-lifetime stay marked by extraordinary hospitality, family life, and an unforgettable lagoon.",,,,CON-0186,tuvalu tuvalu funafuti country oceania travel,funafuti
ATL-0187,United Arab Emirates,United Arab Emirates,,Dubai,City,25.077250,55.309270,Yes,No,Medium,Visited twice and experienced the city at different moments.,,,,CON-0187,united arab emirates united arab emirates dubai city asia,dubai
ATL-0188,United Kingdom,United Kingdom,England,London,City,51.508530,-0.125740,Yes,No,Medium,A city visited while exploring United Kingdom.,,,,CON-0188,united kingdom united kingdom england london city europe,london
ATL-0189,United States,United States,,Boston,City,42.358430,-71.059770,Yes,No,High,A visit centered on spending time with family.,,,,CON-0189,united states united states boston city north america family,boston
ATL-0190,United States,United States,,New York,City,40.714270,-74.005970,Yes,No,Essential,"A city where I lived and studied, and one of the central places in my life.",,,,CON-0190,united states united states new york city north america,new-york
ATL-0191,United States,United States,Alaska,Sitka,City,,,Yes,No,Medium,A childhood memory that stayed strong enough to become a place I still dream of returning to.,,,,CON-0191,united states united states alaska sitka city north america,sitka
ATL-0192,Uruguay,Uruguay,,Colonia del Sacramento,City,-34.462620,-57.839760,Yes,No,Medium,A day trip by ferry from Buenos Aires to explore the historic riverside town.,,,,CON-0192,uruguay uruguay colonia del sacramento city south america,colonia-del-sacramento
ATL-0193,Uruguay,Uruguay,,Montevideo,City,-34.903280,-56.188160,Yes,No,Medium,Spent one night and two days in the capital before returning to Buenos Aires through Colonia.,,,,CON-0193,uruguay uruguay montevideo city south america,montevideo
ATL-0194,Switzerland,Switzerland,Basel-Stadt,Basel,City,47.559600,7.588600,Yes,No,Medium,A Swiss city visited while exploring the country beyond Geneva.,"Basel showed me a different side of Switzerland from Geneva. Its old town, the Rhine, and its position near France and Germany made it feel distinctly cross-border, with a character shaped by movement between countries.",Confirm the date and whether this was part of a Geneva visit.,,CON-0194,switzerland switzerland basel-stadt basel city europe city break,basel
